<assembly
	xmlns="http://maven.apache.org/plugins/maven-assembly-plugin/assembly/1.1.2"
	xmlns:xsi="http://www.w3.org/2001/XMLSchema-instance"
	xsi:schemaLocation="http://maven.apache.org/plugins/maven-assembly-plugin/assembly/1.1.2 http://maven.apache.org/xsd/assembly-1.1.2.xsd">
	<id>install</id>
	<formats>
		<format>zip</format>
	</formats>

	<fileSets>
		<!-- ========================== -->
		<!-- = Create empty directory = -->
		<!-- ========================== -->
		<fileSet>
			<directory />
			<outputDirectory />
			<excludes>
				<exclude>*/**</exclude>
			</excludes>
		</fileSet>

		<!-- ================= -->
		<!-- = Archive Files = -->
		<!-- ================= -->
		<fileSet>
			<directory>src/main/resources/archive</directory>
			<outputDirectory />
			<filtered>true</filtered>
			<includes>
				<include>*/**</include>
			</includes>
		</fileSet>

		<!-- ========== -->
		<!-- = Readme = -->
		<!-- ========== -->
		<fileSet>
			<directory>${project.basedir}</directory>
			<outputDirectory />
			<includes>
				<include>README*</include>
			</includes>
		</fileSet>

		<!-- ======================== -->
		<!-- = Project Jar-Artifact = -->
		<!-- ======================== -->
		<fileSet>
			<directory>${project.build.directory}</directory>
			<outputDirectory />
			<includes>
				<include>*.jar</include>
			</includes>
		</fileSet>
	</fileSets>
</assembly>